customer_id,customer_name,country,age,gender,signup_date
1,Renee Smith DDS,Belgium,56,M,2024-03-08
2,Brian Williams,Germany,39,M,2024-10-03
3,Sherry Johnson,Germany,23,F,2024-07-10
4,Jacqueline Ramirez,Spain,54,M,2024-11-22
5,Bruce Clark,Portugal,52,M,2024-02-11
6,Pamela Johnson,France,55,F,2024-10-27
7,Erica Howell,UK,51,M,2024-09-04
8,Jim Williams,Germany,49,M,2024-07-06
9,Christopher Duke,Spain,24,F,2024-09-06
10,Zachary Beasley,Belgium,53,M,2024-07-19
11,James Hernandez,Belgium,45,F,2024-08-11
12,Angela Smith,Poland,59,F,2024-01-26
13,Jonathan Wilson,UK,25,F,2024-05-26
14,Rick Perez,Italy,32,F,2024-04-21
15,James Boyd,UK,37,F,2024-07-20
16,Sean Pennington,Poland,67,F,2024-01-24
17,Justin Ryan,Poland,27,M,2024-04-15
18,Laura Richardson,Spain,52,F,2024-05-18
19,Marilyn Sullivan,Ireland,27,M,2024-11-22
20,Tracy Burnett,Belgium,35,M,2024-08-27
21,Michael George,UK,24,M,2024-07-05
22,Sherry Campbell,France,26,F,2024-11-02
23,Kimberly Carr,Germany,62,F,2024-01-21
24,Victoria Huynh,Spain,32,M,2024-08-14
25,Leah Carney,Poland,31,M,2024-01-17
26,Ryan Vasquez,Netherlands,67,M,2024-10-04
27,Stacy Sanders,Portugal,21,F,2024-10-04
28,Kimberly White,Italy,54,M,2024-01-10
29,Anthony Gould,UK,36,M,2024-09-21
30,Tina Lee,France,38,F,2024-05-01
31,Stephen Woodard,Poland,52,F,2024-11-05
32,Sydney Larson,Germany,60,F,2024-09-04
33,Christopher Hess,Germany,54,M,2024-11-24
34,Robert Frazier,Spain,55,M,2024-10-23
35,Eric Green,Ireland,43,M,2024-06-02
36,Billy Paul,Spain,35,F,2024-11-08
37,Amy Rojas,Portugal,40,M,2024-09-16
38,Veronica Rivera,Belgium,31,M,2024-10-09
39,Janice Young,Germany,59,M,2024-10-21
40,Matthew Tucker,Spain,55,F,2024-09-26
41,Corey Gibson,Netherlands,34,M,2024-12-26
42,James Molina,Poland,46,M,2024-04-23
43,John Wright,Germany,49,M,2024-06-09
44,Crystal Simpson,Belgium,28,F,2024-08-17
45,Christopher Olson,Italy,30,M,2024-03-09
46,Michael Garcia,Portugal,42,F,2024-11-21
47,Ryan Willis,Belgium,30,M,2024-06-09
48,Karen Gonzalez,Portugal,62,M,2024-05-16
49,Heather Rojas,Ireland,18,F,2024-03-23
50,Samuel Snyder,Spain,42,M,2024-01-09
51,Marilyn Young,Belgium,60,M,2024-11-28
52,Jessica Simpson,Netherlands,65,M,2024-07-04
53,Anthony Greene,Italy,31,F,2024-02-28
54,Wyatt Summers,Portugal,33,F,2024-11-07
55,Ashley Perry,UK,57,F,2024-06-19
56,Megan Clarke,Italy,69,M,2024-11-11
57,Holly Lowery,Netherlands,49,M,2024-12-01
58,Jennifer Bradley,UK,38,F,2024-02-17
59,Oscar Smith,Ireland,59,M,2024-07-16
60,Elizabeth Brown,Netherlands,30,M,2024-05-21
61,Jason Carter,UK,60,F,2024-07-09
62,Michael Brown,Portugal,70,F,2024-01-25
63,Lori Yoder,Portugal,42,F,2024-11-13
64,Michael Soto,France,55,M,2024-04-14
65,Jenny Obrien,Spain,38,M,2024-04-02
66,Debbie Martinez,UK,55,M,2024-08-26
67,Krista Sutton,Spain,35,F,2024-06-05
68,Phillip Barnett,France,52,F,2024-10-17
69,Jeffrey Pittman,Italy,21,F,2024-11-12
70,Daniel Lewis,Italy,32,M,2024-05-09
71,Mary Ortiz,Ireland,42,M,2024-08-01
72,Nicholas Garcia,France,52,M,2024-11-05
73,Joseph Burns,UK,55,F,2024-09-22
74,Robert Rodriguez,Netherlands,41,M,2024-09-22
75,George Mora,Germany,44,F,2024-05-12
76,Latoya Anderson,Spain,56,F,2024-12-04
77,Dawn Thompson,Ireland,36,M,2024-10-22
78,John Rivera,Netherlands,60,M,2024-11-18
79,John Bowen,Netherlands,69,F,2024-12-20
80,Anthony Reid,Belgium,31,F,2024-10-06
81,Amy Gregory,Netherlands,49,F,2024-12-03
82,Jennifer Walters,Netherlands,19,M,2024-07-14
83,Bryce Gomez,Germany,45,F,2024-11-07
84,Cody Bush,Portugal,57,F,2024-11-11
85,Toni Wright,Italy,21,F,2024-07-03
86,Jake Bailey,Netherlands,64,M,2024-03-23
87,Loretta Wilson,Germany,69,M,2024-06-25
88,Dennis Hudson,Netherlands,57,F,2024-12-05
89,Valerie Orr,Italy,62,M,2024-03-04
90,Anthony Robinson,Spain,62,F,2024-02-05
91,Raymond Walton,Poland,56,F,2024-04-09
92,Edward Sheppard,Spain,60,M,2024-03-24
93,Amanda Kirby,Spain,69,F,2024-09-17
94,Brian Richards,France,68,F,2024-09-17
95,Michael Wilson,Portugal,56,M,2024-08-08
96,Robert Evans,Ireland,22,M,2024-05-24
97,Michele Sanford,UK,38,F,2024-08-21
98,April Mcintosh,Germany,51,M,2024-10-03
99,Amanda Fox,Germany,58,F,2024-03-19
100,Clinton Perez,Spain,46,M,2024-03-09
101,Lauren Wilson,France,63,F,2024-01-01
102,Thomas Mccormick,Belgium,43,M,2024-04-14
103,Alexander Rhodes,Netherlands,57,M,2024-02-09
104,Brett Becker,Ireland,43,M,2024-06-13
105,Natalie James,Spain,48,M,2024-08-21
106,Joshua Hammond,Portugal,42,M,2024-04-14
107,John Henry,Portugal,40,M,2024-08-02
108,Anthony Davis,Belgium,22,M,2024-11-23
109,Mr. Charles Baldwin,France,30,F,2024-07-12
110,Mrs. Kathy Oneal,UK,50,M,2024-08-09
111,Elizabeth Parker,Portugal,51,M,2024-12-27
112,Marissa Dunn,Poland,25,M,2024-08-15
113,Dean Allen,Germany,19,F,2024-09-25
114,Claudia Garcia,Portugal,52,F,2024-06-09
115,Diana Glover,Italy,67,F,2024-10-07
116,George Martin,Germany,60,F,2024-12-11
117,Chloe Jackson,Netherlands,51,F,2024-02-15
118,Johnathan Gilbert,Portugal,67,F,2024-05-20
119,Brian Sanchez,Portugal,48,M,2024-05-09
120,Joseph Vang,Italy,45,M,2024-07-27
121,Jason Smith,Netherlands,55,F,2024-09-04
122,Jesus Salazar,Portugal,35,F,2024-06-28
123,Dr. Jasmine Brown,Ireland,67,F,2024-06-28
124,Sarah Campbell DDS,Portugal,44,M,2024-05-11
125,Misty Williams,Germany,30,F,2024-09-27
126,Jackson Adams,France,24,F,2024-09-14
127,Jessica Rose,Poland,65,F,2024-04-04
128,Thomas Kemp,Netherlands,26,F,2024-08-02
129,James Parker,Poland,60,F,2024-03-24
130,Denise Williams,Belgium,44,M,2024-01-14
131,Carolyn Parks,Spain,19,F,2024-04-05
132,Megan Peterson,Italy,62,F,2024-02-24
133,Sharon Woods,Ireland,56,F,2024-03-16
134,William Hines,Belgium,61,M,2024-01-14
135,Alison Campbell,Italy,18,F,2024-09-25
136,Keith Williams,France,61,F,2024-03-28
137,Douglas Douglas,Netherlands,52,F,2024-03-11
138,Stephanie Bennett,Spain,38,F,2024-12-25
139,Martha Brewer,Germany,26,F,2024-09-01
140,Rebecca Fuentes,France,54,F,2024-11-02
141,Morgan Dunlap,Poland,63,F,2024-01-08
142,Lacey Williams,Poland,52,F,2024-10-14
143,Steven Martin,Poland,53,M,2024-07-02
144,Michael Freeman,Germany,28,F,2024-08-09
145,Amy Reed,Italy,21,F,2024-06-14
146,Scott Chapman,Portugal,47,F,2024-09-08
147,Shawn Orozco,Spain,59,M,2024-03-22
148,Patty Alexander,Germany,58,F,2024-10-07
149,Ariel Stevens,Italy,69,F,2024-08-13
150,Nicholas Rasmussen,Netherlands,65,F,2024-11-24
151,Teresa Kelly,Germany,26,M,2024-12-18
152,Jared Simon,UK,41,M,2024-09-06
153,Jamie Aguilar,Poland,30,M,2024-08-14
154,Mario Smith,Belgium,56,M,2024-11-10
155,Kevin Ibarra,Netherlands,18,F,2024-07-26
156,Amy Olson,Netherlands,46,F,2024-03-22
157,Shannon Ray,Netherlands,31,M,2024-07-04
158,Antonio Lopez,Poland,70,M,2024-02-27
159,John Proctor,Italy,21,M,2024-02-10
160,Jerry Jackson,Spain,61,M,2024-01-04
161,Kevin Scott,UK,50,F,2024-01-24
162,Joshua Thompson,Spain,44,F,2024-06-10
163,Courtney Jordan,Portugal,29,M,2024-06-04
164,Christopher Ward,Portugal,27,M,2024-03-09
165,Daniel Dean,Germany,54,F,2024-01-22
166,Tony Benjamin,France,40,M,2024-02-02
167,Tina Rodriguez,Ireland,56,F,2024-06-04
168,Courtney Wood,Spain,62,M,2024-09-02
169,Amy Johnson,UK,51,F,2024-11-27
170,Robert White,Belgium,59,F,2024-08-10
171,Michelle Taylor,Portugal,60,F,2024-04-08
172,Steven Perez,Netherlands,69,M,2024-06-14
173,Sean Lopez,UK,45,M,2024-09-20
174,Stephanie Hart,Ireland,43,M,2024-03-07
175,Hannah Gould,Spain,21,M,2024-07-14
176,Angela Cox,Belgium,62,M,2024-06-27
177,Gerald Woods,UK,40,M,2024-12-13
178,Joseph Craig,Portugal,34,M,2024-03-28
179,Darren Medina,Ireland,45,F,2024-10-22
180,Ronald Phillips,UK,22,M,2024-01-19
181,Breanna Collins,Ireland,68,M,2024-06-10
182,Andrew Barnett,France,46,F,2024-12-19
183,Kelsey Peterson,Belgium,67,F,2024-09-26
184,Karen Bradley,Spain,36,M,2024-10-02
185,Savannah Pittman,Italy,55,M,2024-03-08
186,Matthew Lopez,Netherlands,46,M,2024-07-09
187,Jacob Campos Jr.,Germany,36,M,2024-06-13
188,Steve Frost,Ireland,34,M,2024-11-14
189,Sonya Anderson,UK,59,M,2024-05-14
190,Lee Smith,Poland,70,M,2024-05-24
191,Kenneth Rodriguez,Netherlands,45,F,2024-03-13
192,Brenda Anderson,Spain,20,F,2024-01-22
193,Laura Smith,Germany,49,M,2024-01-23
194,Sara Deleon,Netherlands,23,M,2024-09-04
195,Matthew Hanson,France,59,M,2024-01-05
196,George Hart,Portugal,25,M,2024-07-25
197,Jennifer Anderson,Portugal,32,F,2024-12-05
198,David Huffman,UK,44,F,2024-09-07
199,Michael Vega,Germany,26,M,2024-10-05
200,Michael Brooks,Belgium,57,F,2024-04-22
201,Heather Cook,Belgium,18,M,2024-12-09
202,Bradley Hernandez,Poland,65,M,2024-05-09
203,Debbie Carson MD,Netherlands,36,M,2024-01-12
204,Dennis Yates,Portugal,69,F,2024-11-18
205,Angela Jackson,Poland,22,M,2024-07-24
206,Theresa Johnson,Portugal,52,M,2024-05-19
207,Jose Salinas,Portugal,43,M,2024-11-10
208,Andrew Dickerson,Belgium,41,F,2024-11-27
209,Derek Palmer,Spain,23,M,2024-01-26
210,Charlene Silva,Germany,55,F,2024-05-22
211,Kelly Cox,France,46,M,2024-09-14
212,Nathan Glenn,Spain,24,M,2024-02-14
213,Nathan Tran,Belgium,38,F,2024-09-11
214,Jose Reed,France,32,F,2024-04-14
215,Rachel Garcia,Netherlands,61,M,2024-06-11
216,Diane Jenkins,France,41,F,2024-05-14
217,Michael Barnett,UK,66,M,2024-03-08
218,Jennifer Romero,Ireland,52,F,2024-09-27
219,Natasha Hoffman,Italy,66,F,2024-04-01
220,Mary Terry,Italy,48,F,2024-04-23
221,Anthony Rosales,Portugal,35,F,2024-09-09
222,Whitney Anderson,Spain,53,M,2024-10-24
223,Jenna Santos,France,37,F,2024-04-17
224,Charles Freeman,Italy,43,F,2024-07-05
225,Linda Stuart,UK,32,M,2024-06-25
226,Christine Hobbs,Poland,66,F,2024-10-22
227,Misty Stevens,Spain,26,M,2024-09-09
228,Debra Fletcher,France,25,M,2024-03-01
229,Marcus Wagner,Ireland,38,F,2024-12-08
230,Samuel Rodriguez,Netherlands,63,M,2024-06-13
231,Ashley Lee,Netherlands,39,F,2024-09-19
232,Andrew Swanson,Netherlands,29,M,2024-10-03
233,Joshua Smith,Italy,30,M,2024-05-13
234,Whitney Simon,France,37,F,2024-01-02
235,Destiny Phillips,Ireland,19,M,2024-08-05
236,Jonathan Nelson,Portugal,68,F,2024-04-15
237,Stephanie King,Germany,35,F,2024-02-27
238,Sandy Robinson,Spain,70,M,2024-01-27
239,Evan Holt,Belgium,18,F,2024-02-12
240,Jeffery Moore,Germany,35,M,2024-08-27
241,Casey Perry,Portugal,56,M,2024-12-07
242,Madeline Huynh,Poland,46,F,2024-03-01
243,Nicole Stewart,Germany,53,M,2024-07-01
244,Aaron Hutchinson,France,35,M,2024-09-19
245,David Garcia,Spain,61,F,2024-10-09
246,Angela Durham,Germany,54,M,2024-04-23
247,Jennifer Washington,UK,59,F,2024-01-05
248,Alyssa Williams,UK,19,F,2024-01-04
249,Colin Owen,Poland,40,M,2024-12-12
250,Chelsea Perez,Ireland,28,M,2024-04-11
251,Katie Blair,Germany,40,F,2024-11-12
252,Thomas Simmons,Ireland,28,F,2024-03-14
253,Kyle Jones,Ireland,52,F,2024-01-24
254,Justin Tucker,Spain,59,F,2024-08-03
255,Rebecca Clark,Ireland,44,F,2024-02-16
256,Christopher Lara,Netherlands,52,M,2024-05-26
257,Deborah Ruiz,Germany,39,F,2024-01-28
258,John Jackson,Italy,37,F,2024-10-21
259,Teresa Miller,Belgium,40,M,2024-06-11
260,Robert Alvarez,UK,68,M,2024-08-17
261,Cindy Robinson,Italy,40,F,2024-07-09
262,David Morgan,UK,61,M,2024-10-04
263,Joseph Herrera,France,49,F,2024-03-12
264,John Hunter,Germany,22,F,2024-04-13
265,Sheila Jimenez,UK,29,F,2024-09-26
266,Sheila Leonard,Italy,23,F,2024-08-01
267,Karen Donovan,Italy,69,F,2024-02-19
268,Holly Johnson,Ireland,68,M,2024-06-15
269,John Solis,UK,62,M,2024-06-07
270,Katherine Kennedy,Netherlands,33,F,2024-11-22
271,William Brown,UK,62,M,2024-05-06
272,William Wells,France,41,F,2024-12-04
273,Christian Graham,Germany,32,F,2024-12-17
274,Brooke Perez,UK,70,F,2024-08-12
275,James Williams,UK,50,M,2024-08-21
276,William Mckay,Spain,41,F,2024-12-14
277,Troy Cooper,Netherlands,27,F,2024-02-28
278,Patrick Smith,Spain,55,M,2024-06-22
279,Edward Kim,Belgium,52,F,2024-12-24
280,Dr. John Crosby,Poland,50,F,2024-09-08
281,Heather Coleman,Poland,37,F,2024-04-19
282,Ms. Shannon Wilson,Portugal,28,M,2024-07-04
283,Veronica Jones,Spain,66,M,2024-04-07
284,Victoria Lewis,Belgium,33,F,2024-11-10
285,Tyler Petty,Spain,54,F,2024-06-14
286,Anna Hubbard,Ireland,35,F,2024-03-18
287,Daryl Harris,Netherlands,64,F,2024-01-28
288,Kathleen Williams,Netherlands,31,F,2024-09-12
289,Dylan Griffin,France,46,F,2024-09-27
290,Jacqueline Savage,Ireland,63,F,2024-01-16
291,Melissa Cooper,Poland,21,M,2024-01-16
292,Mario Arroyo,UK,42,M,2024-10-11
293,Sarah Barnes,UK,57,F,2024-07-15
294,Gregory Gonzalez,France,47,M,2024-10-09
295,Robert Mills,Spain,50,F,2024-08-12
296,Tiffany Ruiz,Netherlands,46,F,2024-09-26
297,James Brown,Netherlands,50,M,2024-02-08
298,Kara Torres,Netherlands,28,F,2024-10-04
299,Logan Lewis,Poland,20,M,2024-06-10
300,Joan Wright,France,53,F,2024-06-01
301,William Arroyo,Germany,32,F,2024-07-22
302,Dorothy Harding,Belgium,27,M,2024-01-16
303,Wendy Rogers,Italy,18,F,2024-06-16
304,Pamela Branch,Poland,21,F,2024-05-13
305,Janet Jimenez,Belgium,65,F,2024-02-09
306,Katie Brown,France,56,M,2024-11-18
307,Jeffery Anderson,Italy,50,M,2024-04-25
308,Stephen Rodriguez,Italy,69,F,2024-08-18
309,Cory Carter,Ireland,47,F,2024-03-05
310,Derrick Hays,France,49,F,2024-04-17
311,Seth Sanchez,Italy,36,M,2024-01-03
312,Nathaniel Kelley,Netherlands,61,M,2024-02-17
313,Dawn West,Germany,22,F,2024-03-13
314,Daniel Gibson,France,32,M,2024-07-08
315,Phillip Reese,Spain,44,F,2024-01-15
316,Sabrina Cox,Germany,42,F,2024-03-17
317,Phillip Torres,Spain,32,F,2024-10-09
318,Scott Johnson,Belgium,23,M,2024-10-07
319,Johnny Martinez,Belgium,62,F,2024-04-21
320,Gerald Clark,France,60,M,2024-07-20
321,Michelle Diaz,Portugal,43,M,2024-02-26
322,Andrew Robinson,Germany,47,M,2024-10-08
323,Latoya Mcfarland,Spain,34,F,2024-04-26
324,Joseph Castro,Poland,29,F,2024-04-25
325,Samantha Walker,Portugal,67,F,2024-11-03
326,Angel Burton,Ireland,65,M,2024-11-18
327,Carrie Cole,Poland,20,F,2024-10-16
328,Joshua Dean II,Ireland,21,F,2024-02-08
329,Ashley Fisher,Italy,38,M,2024-01-11
330,Vanessa James,Belgium,61,M,2024-06-24
331,Ashley Sanders,Portugal,68,M,2024-06-18
332,Matthew Jackson,Germany,62,F,2024-11-23
333,Donna Barber,France,27,F,2024-12-19
334,Brandon Anderson,Portugal,60,M,2024-06-07
335,Nathaniel Clark,Netherlands,43,M,2024-01-07
336,Faith Johnston,Netherlands,30,F,2024-01-14
337,Jennifer Rivera,France,45,F,2024-09-24
338,Matthew Davis,UK,24,F,2024-05-06
339,Julia Howell,UK,39,M,2024-04-01
340,Douglas Stone,Ireland,47,F,2024-10-16
341,Shelia Smith,Portugal,24,M,2024-04-21
342,Caitlyn Montoya,Germany,56,M,2024-10-07
343,Regina Richardson,Ireland,46,M,2024-04-15
344,Corey Hawkins,Netherlands,46,F,2024-12-16
345,Larry Davis,Ireland,67,F,2024-05-13
346,Stacy Malone,Poland,57,M,2024-08-12
347,William Benton,France,48,F,2024-10-19
348,John Cook,France,39,M,2024-06-21
349,Cindy Reed,Poland,41,F,2024-01-12
350,Kelsey Wu,Belgium,19,M,2024-08-09
351,Leslie Aguirre,Netherlands,59,F,2024-06-10
352,Claire Summers,Spain,24,M,2024-03-15
353,James Henry,Italy,30,F,2024-01-27
354,Monica Jackson,Spain,62,M,2024-11-14
355,Kristen Dorsey,Spain,19,F,2024-01-06
356,Jade White,France,51,M,2024-08-21
357,Lauren Hays,Spain,25,M,2024-01-14
358,Anita Jones,Germany,26,M,2024-08-02
359,Michael Brown,Spain,31,F,2024-09-24
360,Samantha Mason,France,35,F,2024-09-08
361,Robert Robinson,Ireland,62,M,2024-03-25
362,Amy Soto,Germany,69,M,2024-10-16
363,Mike Hays,Spain,49,M,2024-06-01
364,Donna Berger,UK,65,M,2024-07-09
365,William Elliott,Spain,23,M,2024-10-23
366,Kimberly Brown,Spain,42,F,2024-08-05
367,Stacey Blair,Ireland,23,M,2024-05-23
368,Michael Silva,Ireland,57,F,2024-05-18
369,James Jones,Poland,18,M,2024-11-27
370,Todd Green,Spain,64,M,2024-06-05
371,Alexis Everett,Italy,59,M,2024-07-19
372,Mark Moore,Poland,41,M,2024-11-22
373,Jason Davis,UK,20,M,2024-05-08
374,Terry Rasmussen,Germany,61,M,2024-06-08
375,Antonio Rowe,Ireland,67,M,2024-12-16
376,Melissa Franco,Portugal,18,M,2024-04-25
377,Jermaine Jackson,Italy,70,F,2024-01-24
378,Robin Watson,Spain,49,M,2024-08-04
379,Brian Alvarez,Italy,32,F,2024-12-27
380,William Bender,UK,37,M,2024-09-04
381,Mr. Scott Hill,Germany,19,F,2024-10-26
382,Jill Reynolds,Italy,58,F,2024-09-13
383,Aaron Gibson DDS,Portugal,38,F,2024-01-18
384,John Esparza,Netherlands,48,F,2024-08-16
385,Hunter Garcia,Portugal,35,M,2024-07-11
386,Dr. Laurie Donovan,Germany,28,M,2024-05-24
387,Jill Robinson,UK,64,F,2024-06-06
388,Sarah Golden,Spain,40,F,2024-11-12
389,Angela Bartlett,Belgium,22,M,2024-02-16
390,Justin Love,Portugal,70,F,2024-03-04
391,Janice Farley,UK,39,M,2024-01-23
392,Roger Ramirez,France,23,M,2024-09-25
393,Christopher Fuentes,Netherlands,50,M,2024-02-27
394,Mary Rice,UK,67,M,2024-01-06
395,Crystal Carter,Netherlands,54,F,2024-09-27
396,Jenny Brown,Portugal,47,F,2024-12-28
397,Brandon Brown,Poland,69,F,2024-03-18
398,Scott Jenkins,Ireland,26,M,2024-07-19
399,Alejandro Mathis,Ireland,28,M,2024-08-04
400,Shane Estrada,Ireland,18,M,2024-04-19
401,Amanda Williams,Spain,46,M,2024-10-13
402,David Silva,Spain,41,M,2024-08-28
403,Sarah Khan,Ireland,67,F,2024-08-06
404,Richard Hall,Belgium,52,F,2024-10-26
405,Ian Scott,Ireland,30,F,2024-11-14
406,Emily Crosby,Italy,20,F,2024-01-25
407,Billy Black,France,30,M,2024-07-18
408,Stephen Dawson,Germany,64,M,2024-07-03
409,Tina Orozco,Italy,38,M,2024-03-07
410,Derek Nash,Belgium,57,F,2024-05-18
411,James May,Belgium,58,F,2024-08-19
412,Emily Holt,Portugal,29,F,2024-01-07
413,Scott Short,Poland,36,F,2024-05-10
414,Peter Turner,Spain,69,F,2024-12-11
415,Melissa Robinson,Germany,38,F,2024-11-04
416,Christian Lopez,Germany,49,M,2024-11-27
417,Travis Smith,Netherlands,65,M,2024-03-04
418,James Smith,Germany,57,F,2024-08-23
419,Angela Gonzales,Poland,28,F,2024-12-28
420,Dawn Flores,France,24,F,2024-04-07
421,Nicholas Wright,Ireland,31,M,2024-01-24
422,Sherry Moore,Ireland,46,M,2024-04-01
423,Peter Sherman,Ireland,68,F,2024-09-10
424,Michael Brown,Italy,26,M,2024-12-15
425,Karla Flynn,Poland,31,M,2024-11-27
426,Christian Melton,Portugal,70,F,2024-02-03
427,Jay Smith,Germany,20,F,2024-01-25
428,Breanna Jordan,Portugal,67,F,2024-06-15
429,Christopher Lyons,Germany,63,M,2024-07-23
430,Derek Lambert,Poland,29,F,2024-05-22
431,Jason Schmidt,Poland,41,M,2024-06-02
432,Joseph Tucker,Italy,51,M,2024-10-07
433,Gary Aguilar,France,50,F,2024-11-04
434,Melissa Nelson,UK,36,F,2024-05-26
435,Mrs. Christina Love,Belgium,28,M,2024-06-23
436,Darlene Lopez,Ireland,36,F,2024-02-27
437,Christopher Franco,Germany,23,F,2024-12-01
438,Kimberly Miles,France,62,F,2024-03-25
439,David Duncan,Poland,30,M,2024-03-01
440,Justin Stanley,Germany,53,M,2024-04-11
441,Jacob Weaver,Spain,40,M,2024-01-01
442,Brandi Byrd,Portugal,31,F,2024-08-28
443,Cindy Hobbs,Belgium,18,F,2024-09-20
444,Jeffery Perez,Belgium,65,M,2024-08-22
445,Robert Cortez,Poland,46,M,2024-11-25
446,Morgan Henson,Germany,37,F,2024-10-20
447,Sandra Johnson,Netherlands,30,F,2024-03-07
448,Sarah Barber,Poland,54,F,2024-02-02
449,Kimberly Diaz,Ireland,28,F,2024-09-14
450,Austin Whitaker II,UK,69,F,2024-11-04
451,Andrew King,Germany,53,F,2024-06-16
452,Jared Reeves,Poland,25,M,2024-06-26
453,Tracy Figueroa,Italy,40,F,2024-05-17
454,Mary Burton,Netherlands,23,M,2024-12-11
455,Mitchell Ruiz,Germany,66,M,2024-01-04
456,Colleen Brady,Italy,68,F,2024-10-16
457,Brittney Harris,Germany,26,F,2024-05-07
458,Margaret Green,UK,48,M,2024-10-16
459,Carolyn White,Germany,57,F,2024-03-24
460,Heather Gomez,UK,66,M,2024-07-04
461,Erin Miles,Belgium,62,F,2024-05-05
462,Laura Perez,France,36,M,2024-05-07
463,Donna Reid,Italy,48,M,2024-07-11
464,Mark Lewis,UK,30,F,2024-12-23
465,Richard Martinez,Portugal,65,M,2024-08-12
466,Dominique Clayton,Italy,67,M,2024-08-28
467,Heather Lambert,France,57,M,2024-02-16
468,Scott Hodge,UK,50,M,2024-09-07
469,Edward Smith,UK,33,M,2024-01-07
470,Jack Lewis,Spain,56,F,2024-10-13
471,Jennifer Thomas,France,66,F,2024-11-06
472,Ryan Jenkins,Ireland,52,F,2024-07-21
473,Jimmy Ross,Portugal,66,M,2024-09-02
474,Robert Wright,Italy,21,M,2024-02-14
475,Madison Tate,Spain,64,M,2024-08-17
476,Jennifer Bryant,Belgium,47,M,2024-11-08
477,Richard Soto III,Spain,35,M,2024-06-24
478,Tony Dougherty,France,34,F,2024-10-08
479,Cody Benson,Ireland,41,F,2024-04-17
480,Austin Wilson,UK,69,M,2024-03-18
481,Robert Travis,Ireland,69,F,2024-05-08
482,William White,Portugal,18,M,2024-12-25
483,Patricia Arias,Spain,18,M,2024-01-10
484,Miranda Tate,Belgium,25,M,2024-10-13
485,Marissa Cole,Portugal,57,M,2024-09-20
486,Kim Yates,France,24,F,2024-11-06
487,Jeanette Miller,Germany,56,M,2024-08-18
488,Jeffery Lowery,Portugal,56,F,2024-08-02
489,Adam Cruz,France,39,F,2024-07-17
490,Lori Ramos,UK,41,F,2024-11-21
491,Terri Rodriguez,Belgium,29,M,2024-08-18
492,Maria Yu,Italy,37,M,2024-03-23
493,Paul Haynes,Germany,21,M,2024-11-18
494,Anne Wallace,Belgium,19,F,2024-07-18
495,Melissa Richardson,Spain,27,M,2024-09-05
496,Denise White,UK,51,F,2024-07-15
497,Erica Hall,France,23,F,2024-01-06
498,Sheena Villa,Italy,34,M,2024-02-23
499,Allen Washington,Ireland,60,F,2024-10-15
500,Linda Flores,Portugal,50,F,2024-08-11
501,Jonathan Johnson,Spain,43,F,2024-02-16
502,Brandi Miller,Portugal,70,F,2024-07-07
503,Juan Dixon,UK,48,M,2024-01-14
504,Jonathan Cook,Portugal,52,F,2024-09-13
505,Clifford Hoffman,Belgium,57,F,2024-03-08
506,Latoya Ewing,Belgium,62,F,2024-05-02
507,Allison Gray,Poland,20,M,2024-03-14
508,Corey Morrow,France,52,F,2024-03-10
509,Mr. David Stewart DVM,Portugal,26,M,2024-09-06
510,Cameron Smith,Belgium,24,F,2024-02-26
511,David Leblanc,Poland,43,M,2024-06-20
512,Haley Olson,Portugal,24,F,2024-12-26
513,William Warner,Netherlands,36,M,2024-11-07
514,Albert Smith,Spain,27,F,2024-01-23
515,Gregory Day,Portugal,48,M,2024-11-01
516,Kelsey Smith,UK,56,F,2024-04-11
517,Eric May PhD,Belgium,29,F,2024-08-09
518,Steve Ramirez Jr.,Netherlands,41,M,2024-04-08
519,Megan Curtis,Poland,39,M,2024-11-01
520,Brian Gregory,Spain,54,F,2024-01-27
521,Kelly Flores,UK,26,F,2024-02-09
522,Cindy Morris,Italy,63,F,2024-07-08
523,Matthew Brooks,UK,69,F,2024-07-15
524,Shelby Hoffman,Belgium,63,M,2024-12-20
525,Mary Davis,Spain,20,F,2024-12-26
526,Ernest Combs,Netherlands,40,F,2024-10-11
527,Peter Smith,Italy,26,F,2024-01-16
528,Charles Downs,UK,50,M,2024-02-26
529,Seth Carrillo,UK,34,M,2024-12-04
530,John Williams,Portugal,37,M,2024-01-23
531,Kristie Hernandez,Ireland,61,M,2024-02-10
532,Ashley Reyes,France,27,M,2024-02-20
533,Dennis Gonzales,Portugal,20,F,2024-06-04
534,William Brown,Belgium,28,F,2024-06-03
535,Ashley Cruz,Belgium,28,M,2024-06-17
536,Steven Anderson,Poland,48,F,2024-07-15
537,Juan Wang,Italy,68,M,2024-10-24
538,Corey Frank DVM,Spain,20,F,2024-01-15
539,Roberta Sanders,Netherlands,56,F,2024-07-14
540,Bryce Carey,Ireland,22,F,2024-10-16
541,Kyle Lee,Spain,19,M,2024-12-13
542,Carol Lee,Belgium,68,M,2024-02-06
543,Terri Flores,France,57,M,2024-03-25
544,Dana Massey,Belgium,63,F,2024-11-03
545,Kyle French,Portugal,26,F,2024-06-17
546,Tammy Jones,Belgium,45,M,2024-03-20
547,Travis Mack,Germany,51,F,2024-12-28
548,Jessica Owen,Portugal,25,M,2024-12-01
549,Courtney Bradley,Portugal,53,M,2024-04-13
550,Kim Patterson,France,36,M,2024-04-03
551,Thomas Murphy,Ireland,37,F,2024-12-02
552,Michelle Kennedy,Germany,34,M,2024-08-01
553,Kim Thomas,Netherlands,53,F,2024-05-20
554,Claire Walls,Spain,19,M,2024-05-10
555,Morgan Weber,France,63,M,2024-12-13
556,Leslie Smith,UK,29,F,2024-11-14
557,Suzanne Davidson,Belgium,23,F,2024-11-15
558,Christina Harris,Italy,63,M,2024-05-12
559,Katie Dalton,Netherlands,36,M,2024-08-21
560,Karen Blackburn,Belgium,62,F,2024-07-20
561,Justin Bond,UK,34,F,2024-04-14
562,Richard Collins,Spain,64,M,2024-12-03
563,Randy Williams,Spain,35,M,2024-04-06
564,Jason Myers,Spain,43,M,2024-03-10
565,Mr. Michael Wilson,Italy,23,M,2024-01-03
566,Benjamin Huffman,France,70,F,2024-08-28
567,Lisa Bowman,Netherlands,53,M,2024-03-27
568,Jessica Murray,Belgium,60,F,2024-10-10
569,Daniel Walker,Germany,42,M,2024-02-04
570,Tracy Rubio,France,61,M,2024-02-27
571,Angela Kerr,Belgium,25,F,2024-09-28
572,William Barry,Ireland,62,M,2024-06-27
573,Erin Jones,Belgium,65,M,2024-06-07
574,Todd Stone,Portugal,49,F,2024-03-21
575,Brianna Webb,Netherlands,66,M,2024-04-03
576,Megan Taylor,France,32,F,2024-10-03
577,Brandon Jackson,Belgium,19,M,2024-11-28
578,William Bates,Poland,31,M,2024-02-25
579,Karen Lopez,France,26,M,2024-08-04
580,Andrew Thompson,Spain,50,M,2024-06-03
581,Michelle Williams,Italy,65,F,2024-02-04
582,Shane Gardner,Belgium,61,F,2024-02-27
583,Veronica Zimmerman,Germany,40,M,2024-12-03
584,Amanda Estrada,Netherlands,44,M,2024-11-02
585,Jason Stewart,Ireland,58,F,2024-07-06
586,Phillip Solomon,Poland,25,M,2024-11-09
587,Brian Ward,Italy,51,M,2024-01-17
588,Christine Stout DVM,Netherlands,62,M,2024-10-12
589,Chad Wright,Portugal,29,M,2024-12-01
590,Barbara Jenkins,Spain,30,M,2024-06-07
591,Scott Campbell,Belgium,41,M,2024-09-13
592,Stephanie Lam,Germany,50,M,2024-02-13
593,Jesse Short,Ireland,46,M,2024-04-01
594,Andrew Glover,Spain,19,M,2024-07-22
595,Jacqueline Conner,Italy,53,M,2024-02-28
596,Kerri Flowers,France,50,F,2024-03-18
597,Julia Martinez,Netherlands,28,M,2024-08-09
598,John White,Italy,57,M,2024-12-27
599,Tammy Torres,Spain,26,F,2024-10-28
600,Lori Campos,Germany,18,M,2024-09-10
601,Donald Cooper,UK,24,F,2024-11-21
602,Charlene Riley,Netherlands,19,M,2024-04-05
603,Joseph Freeman,Belgium,28,F,2024-08-25
604,Emily Wagner,Portugal,53,F,2024-07-19
605,Carmen Hayes,Poland,70,F,2024-07-23
606,Tasha French,Netherlands,43,F,2024-10-08
607,Keith Williams,Italy,25,F,2024-09-27
608,Ashley Proctor,France,68,F,2024-08-22
609,Brenda Johnson,France,33,M,2024-07-25
610,Karen Allison,Portugal,22,M,2024-10-13
611,Donald Cortez,Portugal,26,F,2024-11-05
612,Ray Mcgee,Belgium,69,F,2024-08-26
613,Jacob Juarez,Spain,57,F,2024-12-02
614,Christine Thomas,Italy,51,M,2024-06-10
615,Michael Butler,Netherlands,46,F,2024-02-25
616,Joshua Sandoval,Ireland,41,F,2024-02-05
617,Edgar Cabrera,Spain,31,F,2024-07-20
618,Stephen Cooper,Spain,41,M,2024-09-20
619,William Burton,Ireland,50,M,2024-03-19
620,John Garcia,Spain,40,M,2024-01-04
621,Diana Guerrero MD,Belgium,32,F,2024-08-12
622,Cheryl Morris,Spain,28,M,2024-02-13
623,Jenny Ramos,Germany,66,F,2024-08-14
624,Jeremy Webb,Germany,22,F,2024-11-02
625,Ashley Cherry,Ireland,39,F,2024-10-21
626,Michelle Rios,Belgium,50,F,2024-06-11
627,Joshua Khan,Poland,46,F,2024-06-19
628,Raymond Frank,Poland,34,M,2024-05-22
629,Lynn Oneal,Italy,29,F,2024-08-12
630,Kyle Goodwin,UK,58,M,2024-05-02
631,Ashley Robertson,Portugal,22,F,2024-01-12
632,Carrie Walsh,Poland,60,F,2024-04-23
633,Joshua Campbell,UK,59,F,2024-09-04
634,Tammy Adams,France,59,M,2024-06-18
635,Felicia Howard,Poland,41,M,2024-12-15
636,Megan Rasmussen,France,48,M,2024-12-15
637,Christopher Wilson,France,50,M,2024-05-04
638,Glen Mccarthy,Poland,49,M,2024-12-16
639,April Glover,UK,45,M,2024-09-05
640,Miguel Brown,Poland,27,M,2024-09-28
641,Daniel Chen,Belgium,32,F,2024-07-25
642,Joshua Brown,Italy,18,F,2024-05-16
643,Tina Henderson,France,68,M,2024-11-09
644,Michael Barker,Italy,38,F,2024-12-10
645,Daniel Velasquez,Spain,25,M,2024-04-24
646,Allison Brooks,UK,20,M,2024-06-22
647,Brenda Edwards,Germany,20,F,2024-11-28
648,Brian Fernandez,Netherlands,65,M,2024-09-21
649,Richard Chen,Portugal,46,M,2024-12-15
650,Jeffrey Little,Spain,60,F,2024-07-18
651,Laurie Thomas,Poland,31,F,2024-08-13
652,Tracey Bowen,Ireland,23,M,2024-07-23
653,Richard Hubbard,Germany,35,F,2024-03-03
654,Amanda Allen,Ireland,66,M,2024-11-08
655,Matthew Shaw,Portugal,29,F,2024-12-19
656,Jason Schmidt,UK,21,M,2024-03-25
657,Brandon Saunders,Italy,34,F,2024-08-15
658,Katie Alvarez,Spain,23,M,2024-12-02
659,Laura Watkins,Belgium,47,M,2024-09-12
660,Leslie Castillo,UK,22,F,2024-11-14
661,William David,Portugal,45,M,2024-02-15
662,Tammy Brooks,Italy,63,M,2024-09-24
663,Zachary Riley,Spain,39,M,2024-12-21
664,Matthew Lopez,Poland,19,F,2024-08-11
665,Krista Torres,France,45,M,2024-06-10
666,Joshua Mathews,Ireland,28,F,2024-02-08
667,Dan Brown,Portugal,56,M,2024-04-01
668,Victor Fry,France,63,F,2024-01-28
669,Dylan Chang,Spain,30,M,2024-12-20
670,Susan Frazier,Portugal,23,M,2024-09-24
671,Geoffrey Morales,Germany,65,M,2024-07-03
672,Walter Thornton,UK,53,M,2024-09-09
673,Kevin Haynes,Belgium,48,M,2024-12-06
674,Sarah Campbell,Portugal,37,M,2024-05-10
675,Rachel Lopez,Spain,58,M,2024-02-07
676,Jonathan Townsend,Poland,62,M,2024-06-24
677,Ashley Ortiz,Ireland,31,M,2024-01-17
678,Charles Nelson,France,42,M,2024-09-06
679,Gregory Moore,Belgium,47,F,2024-03-12
680,Beverly Phillips,France,54,M,2024-09-02
681,Mrs. Jessica Bryant MD,Ireland,39,F,2024-01-26
682,Margaret Stewart,Poland,61,M,2024-08-21
683,Lynn Good,Netherlands,69,F,2024-12-21
684,Thomas Gomez,Netherlands,57,M,2024-07-01
685,Erin Holland,Spain,44,F,2024-03-15
686,Katherine Robbins,Ireland,50,M,2024-06-08
687,Matthew Pierce,Netherlands,61,M,2024-09-15
688,Cameron Friedman,Italy,19,M,2024-03-23
689,Nicole Williams,Ireland,25,M,2024-09-16
690,Destiny Miller,Netherlands,45,M,2024-07-08
691,Andrew Hines,Italy,48,F,2024-03-01
692,Michelle Livingston,Netherlands,50,F,2024-03-14
693,Sue Bowman DDS,UK,59,M,2024-02-28
694,Manuel Howell,Netherlands,60,M,2024-08-28
695,Michael Lopez,Italy,43,M,2024-07-11
696,Martha Hall,Portugal,61,F,2024-11-03
697,Wendy Montes,Netherlands,56,F,2024-05-26
698,Jessica Crawford,Germany,23,F,2024-04-01
699,Joseph Perez,Germany,57,F,2024-09-27
700,Margaret Carpenter,Germany,59,F,2024-11-13
701,Dawn Edwards,Italy,45,M,2024-01-04
702,Samuel Bailey,Ireland,20,F,2024-10-18
703,Brian Herrera,Italy,54,F,2024-09-23
704,Cathy Rose,France,49,M,2024-07-14
705,Matthew Andrade DDS,Portugal,32,F,2024-03-11
706,Ashley Phillips,Belgium,31,F,2024-03-17
707,Lauren Richardson,Poland,47,F,2024-06-16
708,Jacob Lee,Ireland,23,F,2024-04-26
709,Bobby Davis,Poland,67,F,2024-10-11
710,Christian Barry,UK,18,M,2024-12-06
711,Tamara Smith,France,21,M,2024-03-04
712,Randy Miller,UK,49,F,2024-05-06
713,Katrina Thompson,Portugal,60,M,2024-07-04
714,Jessica Thomas,Spain,42,F,2024-01-16
715,Crystal Mcclain,Spain,62,M,2024-03-17
716,Michael Cannon,France,37,F,2024-12-11
717,David Miller,UK,24,M,2024-09-25
718,Jessica Schmidt,Portugal,52,F,2024-04-24
719,Patricia Hall,UK,31,M,2024-12-25
720,Timothy Boyer,Spain,55,M,2024-07-12
721,Mark Clark,Poland,21,F,2024-07-04
722,Donald Phillips,Italy,20,F,2024-08-12
723,Charles Parks,Portugal,60,M,2024-05-27
724,Lance Garcia,UK,56,M,2024-03-17
725,Mark Hines,Germany,42,M,2024-04-13
726,Dennis Owens,France,20,F,2024-02-19
727,Joseph Wilson,UK,64,F,2024-09-23
728,Robert Gregory,Spain,54,F,2024-03-07
729,Marc Lewis,Germany,29,M,2024-04-22
730,Jessica Medina,France,19,M,2024-04-19
731,Shawn Pope,Portugal,35,M,2024-03-28
732,Patricia House PhD,Spain,61,M,2024-04-09
733,Bonnie Gray,Portugal,52,F,2024-10-16
734,Ronald Adams,Spain,40,M,2024-11-14
735,Jason Fox,Belgium,70,F,2024-07-22
736,Elizabeth Miller,Portugal,49,M,2024-02-09
737,Mrs. Diana Gregory,Germany,68,M,2024-10-02
738,John Davis,Spain,51,F,2024-11-10
739,Jessica Rivera,Netherlands,70,M,2024-11-11
740,James Gilbert,Ireland,29,F,2024-08-20
741,Patricia Murphy,Italy,22,M,2024-11-04
742,Christopher Rodriguez,Ireland,29,M,2024-04-01
743,Michael Myers,France,42,M,2024-11-09
744,Vanessa Johnson,Belgium,57,F,2024-01-13
745,Andrew Owens,Ireland,69,M,2024-02-24
746,Nicholas Morales,Germany,37,M,2024-04-23
747,Alyssa Dixon,Italy,63,F,2024-10-03
748,Daniel Gray,Belgium,48,F,2024-03-06
749,Benjamin Chapman,France,33,F,2024-03-17
750,Joshua Terry,Spain,37,F,2024-10-12
751,Carolyn Baldwin,Italy,19,M,2024-04-07
752,Kathryn Ellis,Belgium,48,F,2024-06-10
753,Joyce Martinez,Poland,53,M,2024-08-16
754,Ms. Samantha Stokes,France,55,M,2024-11-02
755,Phillip Willis,Germany,34,M,2024-01-02
756,Rebecca Martin,Poland,65,F,2024-09-05
757,Kendra Harris,Portugal,69,M,2024-06-17
758,Robert Brooks,Germany,58,M,2024-09-08
759,Megan Turner,Ireland,49,M,2024-07-21
760,Joanna Sanchez,Germany,43,M,2024-06-10
761,William Torres,Ireland,40,M,2024-06-11
762,Wayne Terrell,Ireland,24,F,2024-07-26
763,Michael Thompson,Netherlands,69,F,2024-03-27
764,Edward Dawson,Poland,52,M,2024-12-18
765,Matthew Jimenez,France,58,M,2024-08-24
766,George Johnson,Germany,47,M,2024-06-27
767,Joel Thompson,Belgium,51,F,2024-05-19
768,Megan Potts,France,37,F,2024-08-01
769,Kevin Warren,Ireland,45,F,2024-03-13
770,Shawn Turner,France,34,F,2024-12-16
771,Kevin Stevenson,France,65,F,2024-05-16
772,Matthew Wolf,France,67,F,2024-05-27
773,Thomas Duncan,Poland,47,M,2024-08-11
774,Tiffany Turner,Germany,28,M,2024-11-03
775,Richard Smith,Netherlands,68,M,2024-03-21
776,Mrs. Carla Curry,Ireland,18,F,2024-10-20
777,Jessica Thomas,Spain,58,M,2024-12-03
778,Mr. Christopher Huynh Jr.,UK,47,M,2024-02-07
779,Steven Poole DVM,Italy,41,F,2024-01-24
780,Bryan Rodgers,Netherlands,42,M,2024-01-14
781,Jack Fitzgerald,Spain,70,M,2024-12-12
782,Kim Le,Spain,29,F,2024-10-08
783,Kathryn Brown,Portugal,43,M,2024-09-15
784,Edward Swanson,Ireland,24,F,2024-06-24
785,Robert Stephenson,Netherlands,26,M,2024-02-14
786,Jessica Davis,Portugal,29,M,2024-10-18
787,Vanessa Walsh,UK,51,F,2024-08-26
788,Brandy Meadows,Netherlands,29,F,2024-06-08
789,Stacy Brewer,Belgium,46,F,2024-05-13
790,Mrs. Stephanie Black,Ireland,34,F,2024-09-10
791,Michael Thompson,Poland,47,M,2024-02-23
792,John Mullen,Spain,37,M,2024-08-19
793,Michaela Gonzalez,Netherlands,53,M,2024-05-24
794,Victoria Lyons,Italy,41,M,2024-09-25
795,Amy Hopkins,Belgium,62,F,2024-01-09
796,Jack Hansen,Ireland,45,M,2024-05-18
797,Luis Hamilton,Ireland,58,F,2024-08-08
798,Matthew Rodriguez,Portugal,69,M,2024-09-17
799,Darren Adams,Spain,42,F,2024-07-11
800,Timothy Jones,UK,51,M,2024-10-05
801,David Graham,Portugal,67,M,2024-01-27
802,Brandon Riley,Spain,37,F,2024-09-24
803,Timothy Ingram,Netherlands,37,F,2024-10-28
804,Kelly Atkins,Portugal,56,F,2024-12-15
805,Jasmine Waters,UK,34,M,2024-06-14
806,Anthony Moore,Germany,61,F,2024-08-02
807,Patrick Lambert,Germany,42,M,2024-12-14
808,Michael Burgess,Ireland,54,M,2024-09-02
809,Mary Hamilton MD,France,40,F,2024-08-20
810,Billy Massey,UK,41,M,2024-03-15
811,Michael Paul,Netherlands,20,M,2024-05-19
812,Donald Wilson,Germany,64,F,2024-11-19
813,Tammie Webb,Portugal,38,F,2024-06-20
814,Michele Williams,Germany,60,M,2024-02-05
815,Derrick Blevins,France,24,F,2024-04-28
816,Morgan Collins,Belgium,61,F,2024-03-13
817,Jonathan Cuevas,UK,58,M,2024-03-10
818,James Miller,Netherlands,63,F,2024-02-06
819,Anthony Robinson MD,Poland,54,M,2024-10-07
820,Rachel Velazquez,Spain,60,M,2024-03-27
821,Alexis Irwin,France,28,M,2024-01-23
822,Dalton Howard,UK,39,F,2024-04-25
823,Richard Stevens,Ireland,21,M,2024-06-01
824,Lance Ramos,UK,47,M,2024-09-25
825,Rebecca Hill,Spain,62,M,2024-12-03
826,Tanya Hayes,Germany,56,M,2024-02-02
827,Ricky Webb,Ireland,39,M,2024-07-17
828,James Gardner,Poland,59,F,2024-12-18
829,Yvette Lowe,Poland,54,M,2024-01-22
830,Joseph Robinson,Spain,62,F,2024-06-12
831,Justin Fowler,Ireland,26,M,2024-06-09
832,Charles Thornton,France,23,M,2024-04-11
833,Jill Wagner,Spain,32,F,2024-07-15
834,Shelby Brown,France,39,F,2024-04-23
835,Olivia Harrison,Italy,57,F,2024-01-19
836,Kimberly Howard,UK,35,F,2024-07-24
837,Jimmy Rodriguez,Portugal,56,F,2024-04-17
838,April Sanders,Poland,63,F,2024-04-03
839,Daniel Beck,Italy,45,M,2024-08-04
840,Dustin Anderson,Italy,24,M,2024-08-28
841,Erin Hays,Italy,37,M,2024-04-12
842,Suzanne Holmes,Portugal,32,M,2024-06-16
843,Jennifer Holmes DVM,Portugal,44,F,2024-02-20
844,Amanda Wood,Portugal,56,M,2024-09-07
845,Thomas Spears,UK,66,M,2024-06-09
846,Cynthia Boyd,Spain,30,F,2024-02-06
847,Jacqueline Williams,Spain,40,F,2024-03-01
848,Charles Miller,Belgium,54,F,2024-07-12
849,Brian Stafford,Netherlands,51,M,2024-12-03
850,David Garcia,UK,19,M,2024-01-25
851,Latoya Chase,France,19,M,2024-06-20
852,Jessica Dyer,Portugal,48,M,2024-11-07
853,Michelle Jones,Ireland,21,M,2024-01-20
854,Kyle Parker,Portugal,27,M,2024-12-16
855,Wesley Mccarthy,Germany,52,F,2024-09-08
856,Sarah Garcia DVM,Germany,33,F,2024-08-10
857,Tanner Marshall,Poland,26,M,2024-05-22
858,Veronica Barnett,Italy,18,F,2024-03-26
859,Mitchell Cook,Ireland,66,F,2024-07-28
860,Kelly Garcia,Spain,29,M,2024-10-25
861,Ana Reeves,Ireland,41,F,2024-01-06
862,Matthew Bradshaw,Poland,18,F,2024-10-16
863,Samuel Allen,Ireland,57,F,2024-03-02
864,Joanna Hess,Italy,51,M,2024-07-22
865,Timothy Shaw,Netherlands,44,F,2024-06-12
866,Darryl Kelly,Portugal,25,F,2024-08-04
867,Mary Carlson,Poland,47,F,2024-12-26
868,Garrett Dunn,France,18,F,2024-03-21
869,Douglas Graham,Spain,60,F,2024-08-04
870,William Lee,Netherlands,62,M,2024-05-23
871,Laura Stout,Belgium,56,M,2024-01-02
872,Candace Anderson,Ireland,26,F,2024-07-25
873,Brittany Palmer,France,50,M,2024-03-05
874,Kelly Kane,Belgium,29,M,2024-09-25
875,Rebecca Thornton,Italy,43,M,2024-04-08
876,Jason Cox,Ireland,50,M,2024-06-15
877,Robert Payne,France,25,F,2024-11-13
878,Dr. Melissa Smith DDS,Portugal,39,M,2024-06-06
879,Wesley Washington MD,Poland,49,M,2024-05-14
880,Michael West,Poland,58,F,2024-07-20
881,Karen Barnes,Ireland,31,M,2024-04-05
882,Valerie Curry,France,44,F,2024-05-25
883,James Flores,Germany,44,F,2024-05-07
884,Brenda Robertson,Ireland,50,M,2024-01-01
885,Michael Scott,Poland,42,F,2024-08-27
886,Danny Robinson,UK,63,M,2024-08-09
887,Alicia Johnson,Netherlands,30,F,2024-11-10
888,Charles Bryant,Netherlands,53,M,2024-09-11
889,Erica Yates,Ireland,41,M,2024-11-24
890,Johnny Lee,Poland,68,M,2024-08-21
891,James Merritt,Germany,59,M,2024-11-11
892,Carl Thompson,Portugal,46,F,2024-04-21
893,Michael Rodriguez,Spain,51,M,2024-05-07
894,Jose Wilson,Ireland,40,F,2024-01-24
895,Kimberly Price,UK,64,F,2024-05-24
896,Ronald Santiago,France,28,M,2024-07-18
897,Hannah Ryan,Netherlands,41,M,2024-05-15
898,Mrs. Sara Cunningham,Belgium,57,F,2024-07-15
899,Ryan Randolph,Portugal,57,M,2024-09-12
900,Laura Johnson,Italy,22,F,2024-02-05
901,Donald Lawson,Italy,19,F,2024-04-25
902,Jennifer Bean,Ireland,19,F,2024-03-09
903,Adam Wilcox,Italy,64,F,2024-04-13
904,Gina Daniels,Germany,34,F,2024-08-28
905,Benjamin Massey,Poland,70,M,2024-06-23
906,Kevin Powell,Belgium,35,M,2024-02-11
907,Cindy Bowman,Poland,67,M,2024-12-16
908,Micheal Thompson,Netherlands,67,M,2024-01-27
909,Sandra Bennett,Spain,36,M,2024-10-10
910,Benjamin Cruz,Belgium,52,F,2024-07-02
911,John Smith,Spain,52,M,2024-11-28
912,Cindy Silva,Spain,70,M,2024-01-27
913,Diana Lopez,UK,55,M,2024-05-22
914,Natalie Frazier,UK,42,F,2024-05-15
915,Sarah Greene,Italy,25,M,2024-10-11
916,Xavier Moody,Belgium,66,M,2024-01-19
917,Nicole Ruiz,Spain,56,F,2024-02-17
918,Rebecca Williams,Belgium,33,F,2024-09-14
919,Lynn Pierce,Poland,70,F,2024-06-25
920,Bridget Rowe,Poland,38,F,2024-04-02
921,Jordan Hester,Poland,58,M,2024-09-08
922,Jeffery Moore II,Germany,59,M,2024-03-04
923,John Carr,Poland,45,M,2024-08-12
924,Scott Fisher,Netherlands,18,M,2024-09-11
925,Michael Dorsey,Belgium,51,M,2024-07-06
926,Barbara Rodriguez,Italy,54,M,2024-06-17
927,Lisa Dalton,Italy,30,M,2024-04-24
928,Matthew Davidson,UK,66,F,2024-02-12
929,Martha King,Italy,46,M,2024-12-11
930,Christine Fisher,Poland,28,M,2024-04-05
931,Charles Morton,Spain,24,F,2024-10-19
932,William Rivers,France,48,F,2024-11-19
933,Pamela Lewis,Poland,35,M,2024-02-28
934,Jennifer Bishop,France,65,M,2024-02-16
935,Tiffany Parks,Belgium,62,F,2024-05-05
936,David Gibson,Poland,69,M,2024-08-02
937,Cynthia Stewart,Poland,21,M,2024-01-24
938,Victoria Hebert,UK,29,F,2024-12-04
939,Andrea Rodriguez,Ireland,38,F,2024-02-28
940,Michael Yu,Italy,51,F,2024-11-08
941,David Murphy,Ireland,31,F,2024-02-22
942,Gregory Cannon,France,20,F,2024-07-07
943,Shawn Doyle,France,40,F,2024-12-26
944,Terry Moore,Spain,62,F,2024-12-12
945,Eric Wilkinson,Netherlands,20,M,2024-11-01
946,Tiffany Doyle,Spain,55,F,2024-10-18
947,Melissa Lee,Portugal,70,F,2024-11-06
948,Heidi Patterson,France,43,F,2024-04-23
949,William Wagner,Poland,69,F,2024-01-10
950,Stacey Harrell,Netherlands,67,M,2024-03-24
951,Julie House,Italy,62,M,2024-03-14
952,Maria Alvarez,Ireland,27,F,2024-04-08
953,Christian Harper,France,35,F,2024-11-22
954,Susan Hernandez,Germany,42,F,2024-09-12
955,Melissa Barron,France,63,F,2024-03-02
956,James Webster,Poland,34,F,2024-05-16
957,Mary Miller,Ireland,25,F,2024-05-27
958,Lynn Morrison,Poland,61,F,2024-04-22
959,Joshua Walker,Ireland,53,M,2024-12-09
960,Karen Novak,France,50,F,2024-08-09
961,Brett Williams,Belgium,28,F,2024-10-01
962,Kyle Santos,Ireland,18,M,2024-04-06
963,Lucas Morrow,Germany,18,M,2024-04-10
964,Erin Sampson,Germany,60,F,2024-09-18
965,Victoria Wells,UK,30,M,2024-08-17
966,Patricia Payne,Netherlands,26,M,2024-09-13
967,Paul Black,Germany,68,M,2024-07-28
968,Katherine Curry,Italy,58,F,2024-05-21
969,Kyle Graham,Netherlands,38,M,2024-12-19
970,Ryan Hughes,Belgium,32,M,2024-09-24
971,Robert Gonzalez,Portugal,31,M,2024-07-02
972,Jessica Morris,Portugal,41,F,2024-04-13
973,Dustin Hampton,Portugal,49,M,2024-03-23
974,Arthur Tanner,UK,22,M,2024-09-16
975,Tyler Phelps,Portugal,22,F,2024-01-04
976,Felicia Carson,Ireland,18,F,2024-03-23
977,Robin Bishop,France,45,F,2024-02-11
978,Seth Mcdonald,France,49,F,2024-02-08
979,Anthony Randolph,Spain,66,M,2024-06-20
980,John Cain,UK,59,F,2024-10-27
981,Deanna Robinson,UK,25,F,2024-12-05
982,Sarah Wilson,Ireland,24,F,2024-08-14
983,James Thompson,Poland,61,F,2024-07-25
984,Nancy Aguirre MD,Spain,59,M,2024-12-24
985,Anthony Flores,Germany,51,F,2024-08-06
986,Tiffany Mueller,Belgium,22,F,2024-01-26
987,Edward Wolfe,Ireland,63,M,2024-07-03
988,Mrs. Jessica Hall,UK,65,F,2024-03-16
989,Jessica Beck,UK,31,M,2024-11-27
990,Meghan Miller,Belgium,66,M,2024-09-04
991,Benjamin Farrell,Italy,18,F,2024-06-18
992,Lisa Phelps,Spain,44,F,2024-03-11
993,Christopher Walsh,Italy,28,M,2024-03-14
994,Latoya Ruiz,France,31,F,2024-02-06
995,Jessica Thompson,Italy,59,F,2024-07-10
996,Haley Thompson,Italy,25,F,2024-12-19
997,Karen Rivera,UK,66,M,2024-02-19
998,Randall Gray,Portugal,57,M,2024-03-13
999,Gregory Knight,Portugal,57,M,2024-09-05
1000,Keith Rhodes,Belgium,69,M,2024-09-21
